name,fat,carbohydrat,protein,Fe,Mg,Na,K,Ca,Zn,Se,Cu,C,D,B12,E,A
almond,68.0,8.0,41.0,23.0,63.0,10.0,0,20.0,29.0,1.0,108.0,0.0,0,0,110,0
amaretto,0.0,12.0,0.0,0.0,0.0,3.0,0,0.0,0.0,0.0,0.0,0.0,0,0,0,0
anchovy,12.0,0.0,58.0,26.0,16.0,159.0,10,18.0,22.0,124.0,38.0,0.0,8,37,22,1
anise,12.0,0.0,58.0,26.0,16.0,159.0,10,18.0,22.0,124.0,38.0,0.0,8,37,22,1
apple,1.0,5.0,0.0,1.0,0.0,0.0,0,0.0,0.0,0.0,0.0,3.0,0,0,0,0
apple juice,0.0,5.0,0.0,0.0,0.0,1.0,0,0.0,0.0,0.0,0.0,0.0,0,0,0,0
apricot,0.0,5.0,0.0,0.0,0.0,0.0,0,0.0,0.0,0.0,0.0,20.0,0,0,0,0
artichoke,0.0,4.0,6.0,3.0,10.0,3.0,12,2.0,4.0,0.0,14.0,8.0,0,0,1,0
arugula,1.0,1.0,6.0,8.0,0.0,1.0,90,12.0,0.0,0.0,0.0,16.0,0,0,0,13
asian pear,1.0,1.0,6.0,8.0,0.0,1.0,90,12.0,0.0,0.0,0.0,16.0,0,0,0,13
asparagus,0.0,1.0,5.0,13.0,0.0,0.0,0,2.0,0.0,0.0,0.0,0.0,0,0,0,0
avocado,18.0,3.0,4.0,2.0,2.0,38.0,81,3.0,2.0,3.0,1.0,0.0,0,11,31,1
bacon,57.0,0.0,14.0,0.0,0.0,34.0,0,0.0,0.0,0.0,0.0,0.0,0,0,0,0
banana,8.0,15.0,25.0,6.0,0.0,26.0,0,10.0,0.0,0.0,0.0,17.0,0,0,0,0
barley,4.0,10.0,4.0,7.0,5.0,9.0,2,1.0,7.0,15.0,11.0,0.0,0,0,2,3
basil,0.0,0.0,0.0,0.0,0.0,0.0,0,0.0,0.0,0.0,0.0,0.0,0,0,0,0
bass,0.3,4.0,32.0,6.0,9.0,17.0,10,2.0,4.0,56.0,5.0,0.0,22,10,19,4
bean,5.0,6.0,11.0,9.0,10.0,19.0,1,2.0,6.0,14.0,22.0,1.0,0,0,6,0
beef,8.0,0.0,40.0,24.0,0.0,9.0,0,0.0,0.0,0.0,0.0,0.0,0,0,0,0
beef rib,9.0,0.0,43.0,10.0,5.0,2.0,0,1.0,36.0,5.0,5.0,0.0,37,49,5,1
beef shank,5.0,0.0,44.0,13.0,3.0,3.0,0,2.0,63.0,32.0,8.0,0.0,0,139,0,0
beef tenderloin,10.0,0.0,41.0,13.0,0.0,3.0,0,0.0,0.0,0.0,0.0,0.0,0,0,0,0
beer,0.0,1.0,1.0,0.0,1.0,0.0,0,0.0,0.0,1.0,1.0,0.0,0,1,0,0
beet,0.0,6.0,2.0,2.0,4.0,6.0,0,1.0,2.0,2.0,13.0,3.0,0,0,0,0
bell pepper,0.0,2.0,1.0,1.0,2.0,0.0,0,1.0,1.0,0.0,6.0,111.0,0,0,0,0
berry,0.0,5.0,2.0,3.0,3.0,0.0,10,1.0,2.0,1.0,7.0,19.0,0,0,5,0
biscuit,16.0,12.0,16.0,13.0,0.0,24.0,0,31.0,0.0,0.0,0.0,0.0,0,0,0,0
blackberry,0.0,2.0,1.0,233.0,0.0,0.0,0,0.0,0.0,0.0,0.0,9.0,0,0,0,0
blue cheese,23.0,1.0,43.0,0.0,0.0,59.0,0,41.0,0.0,0.0,0.0,0.0,0,0,0,0
blueberry,0.0,24.0,0.0,0.0,0.0,0.0,0,0.0,0.0,0.0,0.0,0.0,0,0,0,0
bok choy,0.0,1.0,2.0,2.0,3.0,1.0,0,5.0,2.0,0.0,3.0,34.0,0,0,0,0
bourbon,0.0,19.0,21.0,24.0,34.0,4.0,0,0.0,49.0,0.0,0.0,0.0,0,0,0,0
bran,8.0,16.0,19.0,22.0,10.0,20.0,3,7.0,10.0,58.0,24.0,0.0,0,0,0,0
brandy,0.0,0.0,0.0,0.0,0.0,0.0,0,0.0,0.0,0.0,2.0,0.0,0,0,0,0
bread,0.0,12.0,7.0,0.0,0.0,15.0,0,0.0,0.0,0.0,0.0,0.0,0,0,0,0
breadcrumbs,0.0,0.0,0.0,0.0,0.0,0.0,0,0.0,0.0,0.0,0.0,0.0,0,0,0,0
breakfast,12.0,26.0,8.0,24.0,3.0,14.0,16,1.0,3.0,6.0,7.0,0.0,0,0,5,22
brie,41.0,0.0,36.0,20.0,0.0,31.0,0,26923.0,0.0,0.0,0.0,0.0,0,0,0,0
brine,1.0,0.0,80.0,25.0,0.0,30.0,0,2.0,0.0,0.0,0.0,0.0,0,0,0,0
brisket,15.0,0.0,59.0,15.0,5.0,16.0,1,1.0,64.0,49.0,13.0,0.0,1,107,1,0
broccoli,0.0,2.0,5.0,5.0,0.0,1.0,0,5.0,0.0,0.0,0.0,0.0,0,0,0,0
broccoli rabe,0.0,2.0,5.0,7.0,0.0,2.0,0,6.0,0.0,0.0,0.0,0.0,0,0,0,0
brown rice,5.0,28.0,14.0,13.0,0.0,0.0,0,1.0,0.0,0.0,0.0,0.0,0,0,0,0
brussel sprout,0.0,3.0,7.0,8.0,5.0,1.0,148,3.0,4.0,3.0,8.0,94.0,0,0,6,4
buffalo,69.0,1.0,71.0,0.0,0.0,39.0,0,82.0,0.0,0.0,0.0,0.0,0,0,0,0
bulgur,3.0,24.0,25.0,9.0,0.0,0.0,0,3.0,0.0,0.0,0.0,0.0,0,0,0,0
butter,101.0,0.0,0.0,0.0,0.0,0.0,0,0.0,0.0,0.0,0.0,0.0,0,0,0,0
buttermilk,1.0,2.0,7.0,0.0,3.0,4.0,0,9.0,4.0,4.0,0.0,1.0,2,9,0,4
butternut squash,0.0,4.0,2.0,5.0,0.0,0.0,0,4.0,0.0,0.0,0.0,24.0,0,0,0,0
cabbage,1.0,1.0,2.0,14.0,3.0,22.0,36,3.0,2.0,1.0,3.0,0.0,0,0,1,1
calvados,41.0,0.0,29.0,0.0,0.0,19.0,0,0.0,0.0,0.0,0.0,0.0,0,0,0,0
campari,0.0,0.0,0.0,0.0,0.0,0.0,0,0.0,0.0,0.0,0.0,0.0,0,0,0,0
candy,0.0,27.0,0.0,0.0,0.0,0.0,0,0.0,0.0,0.0,0.0,0.0,0,0,0,0
cantaloupe,0.0,3.0,2.0,2.0,0.0,1.0,0,1.0,0.0,0.0,0.0,40.0,0,0,0,0
capers,0.0,2.0,0.0,7.0,0.0,116.0,0,0.0,0.0,0.0,0.0,4.0,0,0,0,0
caraway,0.0,0.0,0.0,0.0,0.0,0.0,0,0.0,0.0,0.0,0.0,0.0,0,0,0,0
cardamom,0.0,0.0,0.0,0.0,0.0,0.0,0,0.0,0.0,0.0,0.0,0.0,0,0,0,0
carrot,0.0,4.0,2.0,1.0,3.0,3.0,9,3.0,2.0,0.0,6.0,5.0,0,0,4,85
cashew,68.0,11.0,24.0,27.0,49.0,13.0,25,5.0,40.0,17.0,195.0,0.0,0,0,34,0
cauliflower,0.0,2.0,5.0,3.0,0.0,1.0,0,2.0,0.0,0.0,0.0,0.0,0,0,0,0
caviar,23.0,1.0,49.0,66.0,71.0,65.0,0,21.0,9.0,119.0,12.0,0.0,14,833,13,30
celery,0.0,1.0,0.0,2.0,0.0,5.0,0,3.0,0.0,0.0,0.0,9.0,0,0,0,0
chambord,0.0,20.0,0.0,0.0,0.0,0.0,0,0.0,0.0,0.0,0.0,0.0,0,0,0,0
champagne,0.0,4.0,0.0,1.0,2.0,0.0,0,1.0,1.0,0.0,4.0,4.0,0,0,0,0
chard,4.0,1.0,4.0,10.0,20.0,15.0,722,4.0,3.0,2.0,21.0,24.0,0,0,16,35
chartreuse,0.0,12.0,0.0,0.0,0.0,0.0,0,0.0,0.0,0.0,2.0,0.0,0,0,0,0
cheddar,41.0,0.0,50.0,0.0,0.0,28.0,0,55.0,0.0,0.0,0.0,0.0,0,0,0,0
cherry,0.0,15.0,8.0,8.0,0.0,9.0,0,3.0,0.0,0.0,0.0,0.0,0,0,0,0
chestnut,1.0,16.0,8.0,4.0,0.0,0.0,0,0.0,0.0,0.0,0.0,27.0,0,0,0,0
chicken,2.0,0.0,43.0,0.0,0.0,8.0,0,0.0,0.0,0.0,0.0,0.0,0,0,0,0
chickpea,8.0,22.0,38.0,34.0,0.0,1.0,0,8.0,0.0,0.0,0.0,4.0,0,0,0,0
chile,22.0,4.0,16.0,4.0,4.0,19.0,11,16.0,11.0,14.0,5.0,44.0,0,15,13,8
chile pepper,7.0,25.0,21.0,34.0,21.0,4.0,90,3.0,9.0,6.0,25.0,35.0,0,0,21,147
chive,1.0,2.0,7.0,9.0,10.0,0.0,177,7.0,5.0,2.0,17.0,65.0,0,0,1,24
chocolate,57.0,17.0,6.0,24.0,0.0,1.0,0,0.0,0.0,0.0,0.0,0.0,0,0,0,0
cilantro,0.0,0.0,0.0,0.0,0.0,0.0,0,0.0,0.0,0.0,0.0,0.0,0,0,0,0
cinnamon,0.0,0.0,0.0,0.0,0.0,0.0,0,0.0,0.0,0.0,0.0,0.0,0,0,0,0
citrus,0.0,4.0,0.0,0.0,0.0,0.0,0,1.0,0.0,0.0,0.0,28.0,0,0,0,0
clam,10.0,4.0,24.0,7.0,5.0,20.0,7,3.0,7.0,38.0,8.0,18.0,1,168,5,7
clove,17.0,24.0,12.0,66.0,62.0,12.0,118,49.0,21.0,13.0,41.0,0.0,0,0,59,1
coconut,46.0,17.0,7.0,11.0,0.0,11.0,0,0.0,0.0,0.0,0.0,0.0,0,0,0,0
cod,4.0,2.0,25.0,5.0,0.0,18.0,0,3.0,0.0,0.0,0.0,4.0,0,0,0,0
coffee,31.0,8.0,5.0,0.0,0.0,4.0,0,4.0,0.0,0.0,0.0,0.0,0,0,0,0
collard greens,0.0,2.0,5.0,0.0,0.0,1.0,0,9.0,0.0,0.0,0.0,39.0,0,0,0,0
coriander,23.0,20.0,25.0,91.0,79.0,2.0,0,55.0,43.0,48.0,108.0,23.0,0,0,0,0
corn,0.0,5.0,2.0,0.0,0.0,10.0,0,0.0,0.0,0.0,0.0,0.0,0,0,0,0
cornmeal,3.0,28.0,15.0,14.0,0.0,0.0,0,0.0,0.0,0.0,0.0,0.0,0,0,0,0
cottage cheese,6.0,1.0,23.0,0.0,0.0,19.0,0,7.0,0.0,0.0,0.0,0.0,0,0,0,0
couscous,0.0,28.0,27.0,12.0,0.0,0.0,0,3.0,0.0,0.0,0.0,0.0,0,0,0,0
crab,1.0,0.0,36.0,3.0,9.0,17.0,0,7.0,35.0,78.0,90.0,4.0,0,139,12,0
cranberry,0.0,5.0,0.0,1.0,0.0,1.0,0,0.0,0.0,0.0,0.0,28.0,0,0,0,0
cream cheese,41.0,3.0,14.0,0.0,0.0,15.0,0,7.0,0.0,0.0,0.0,0.0,0,0,0,0
créme de cacao,2.0,6.0,3.0,1.0,2.0,1.0,0,4.0,3.0,3.0,2.0,0.0,2,9,0,2
crêpe,10.0,10.0,8.0,0.0,0.0,13.0,0,0.0,0.0,0.0,0.0,0.0,0,0,0,0
cr��me de cacao,2.0,6.0,3.0,1.0,2.0,1.0,0,4.0,3.0,3.0,2.0,0.0,2,9,0,2
cuba,41.0,1.0,43.0,0.0,0.0,31.0,0,55.0,0.0,0.0,0.0,0.0,0,0,0,0
cucumber,0.0,2.0,1.0,0.0,2.0,10.0,12,1.0,1.0,1.0,5.0,3.0,0,0,0,0
cumin,29.0,16.0,36.0,369.0,87.0,7.0,5,72.0,44.0,9.0,96.0,9.0,0,0,22,7
currant,0.0,28.0,7.0,10.0,9.0,2.0,3,7.0,3.0,1.0,33.0,5.0,0,0,1,0
curry,0.0,0.0,0.0,0.0,0.0,0.0,0,0.0,0.0,0.0,0.0,0.0,0,0,0,0
custard,5.0,4.0,10.0,2.0,3.0,4.0,0,9.0,5.0,13.0,0.0,0.0,7,17,1,9
date,0.0,27.0,5.0,6.0,10.0,0.0,2,3.0,3.0,5.0,23.0,0.0,0,0,0,0
dill,1.0,1.0,1.0,1.0,2.0,35.0,14,4.0,1.0,0.0,3.0,2.0,0,0,1,0
dried fruit,1.0,29.0,5.0,7.0,6.0,1.0,5,3.0,3.0,2.0,24.0,6.0,0,0,10,3
duck,0.0,22.0,1.0,2.0,1.0,31.0,0,1.0,2.0,2.0,4.0,1.0,0,0,1,1
eau de vie,2.0,6.0,3.0,1.0,2.0,1.0,0,4.0,3.0,3.0,2.0,0.0,2,9,0,2
egg,37.0,21.0,13.0,0.0,0.0,8.0,0,10.0,0.0,0.0,0.0,0.0,0,0,0,0
egg nog,10.0,7.0,8.0,2.0,0.0,4.0,0,10.0,0.0,0.0,0.0,0.0,0,0,0,0
eggplant,19.0,3.0,10.0,9.0,20.0,9.0,20,3.0,12.0,18.0,44.0,8.0,0,0,5,1
endive,0.0,1.0,2.0,5.0,4.0,1.0,192,4.0,7.0,0.0,11.0,7.0,0,0,3,12
escarole,0.0,1.0,2.0,0.0,0.0,1.0,0,4.0,0.0,0.0,0.0,0.0,0,0,0,0
fennel,4.0,3.0,3.0,5.0,5.0,9.0,62,4.0,2.0,1.0,8.0,13.0,0,0,7,7
feta,37.0,4.0,0.0,0.0,0.0,30.0,0,0.0,0.0,0.0,0.0,0.0,0,104,0,0
fig,0.0,24.0,0.0,0.0,0.0,0.0,0,1.0,0.0,0.0,0.0,0.0,0,0,0,0
fish,21.0,8.0,22.0,5.0,6.0,17.0,4,1.0,4.0,29.0,7.0,0.0,5,40,46,0
fontina,40.0,1.0,51.0,1.0,3.0,35.0,2,42.0,32.0,26.0,3.0,0.0,3,70,2,29
fortified wine,0.0,1.0,0.0,1.0,2.0,0.0,0,1.0,1.0,0.0,1.0,0.0,0,0,0,0
frangelico,26.0,1.0,24.0,2.0,0.0,13.0,0,1.0,0.0,0.0,0.0,1.0,0,0,0,0
fruit,1.0,4.0,5.0,1.0,3.0,1.0,3,6.0,3.0,3.0,4.0,11.0,3,12,1,2
fruit juice,0.0,5.0,0.0,2.0,0.0,0.0,0,0.0,0.0,0.0,0.0,1.0,0,0,0,0
garlic,0.0,12.0,0.0,0.0,0.0,0.0,0,51.0,0.0,0.0,0.0,89.0,0,0,0,0
gin,0.0,0.0,0.0,0.0,0.0,0.0,0,0.0,0.0,0.0,2.0,0.0,0,0,0,0
ginger,0.0,0.0,0.0,0.0,0.0,0.0,0,0.0,0.0,0.0,0.0,0.0,0,0,0,0
goat cheese,41.0,0.0,50.0,0.0,0.0,30.0,0,55.0,0.0,0.0,0.0,5.0,0,0,0,0
goose,128.0,0.0,0.0,0.0,0.0,0.0,0,0.0,0.0,0.0,0.0,0.0,0,0,18,0
gouda,41.0,0.0,50.0,0.0,0.0,40.0,0,55.0,0.0,0.0,0.0,0.0,0,0,0,0
grand marnier,0.0,21.0,0.0,0.0,0.0,0.0,0,1.0,0.0,0.0,0.0,0.0,0,0,0,0
granola,37.0,17.0,29.0,21.0,0.0,4.0,0,5.0,0.0,0.0,0.0,0.0,0,0,0,0
grape,0.0,5.0,0.0,0.0,0.0,0.0,0,0.0,0.0,0.0,0.0,23.0,0,0,0,0
grapefruit,0.0,4.0,0.0,0.0,0.0,0.0,0,0.0,0.0,0.0,0.0,0.0,0,0,0,0
grappa,0.0,0.0,0.0,0.0,0.0,0.0,0,0.0,0.0,0.0,0.0,0.0,0,0,0,0
green bean,0.0,2.0,0.0,2.0,0.0,14.0,0,1.0,0.0,0.0,0.0,0.0,0,0,0,0
ground beef,34.0,0.0,34.0,9.0,0.0,3.0,0,1.0,0.0,0.0,0.0,0.0,0,0,0,0
ground lamb,26.0,0.0,34.0,9.0,0.0,3.0,0,0.0,0.0,0.0,0.0,0.0,0,0,0,0
guam,0.0,1.0,0.0,0.0,0.0,23.0,0,0.0,0.0,0.0,0.0,37.0,0,0,0,0
guava,0.0,4.0,1.0,3.0,0.0,0.0,0,2.0,0.0,0.0,0.0,0.0,0,0,0,0
haiti,0.0,30.0,14.0,0.0,0.0,0.0,0,0.0,0.0,0.0,0.0,0.0,0,0,0,0
halibut,2.0,0.0,41.0,6.0,0.0,2.0,0,2.0,0.0,0.0,0.0,0.0,0,0,0,0
ham,5.0,1.0,38.0,5.0,5.0,50.0,0,1.0,17.0,61.0,14.0,0.0,3,17,1,1
hazelnut,41.0,20.0,15.0,24.0,0.0,3.0,0,11.0,0.0,0.0,0.0,0.0,0,0,0,0
herb,0.0,0.0,0.0,0.0,0.0,0.0,0,0.0,0.0,0.0,2.0,0.0,0,0,0,0
hominy/cornmeal/masa,4.0,5.0,3.0,3.0,4.0,22.0,1,1.0,9.0,5.0,3.0,0.0,0,0,2,2
honey,0.0,30.0,1.0,2.0,0.0,0.0,0,0.0,2.0,1.0,4.0,1.0,0,0,0,0
honeydew,0.0,3.0,1.0,1.0,2.0,1.0,2,0.0,1.0,1.0,3.0,20.0,0,0,0,0
horseradish,1.0,4.0,2.0,2.0,6.0,18.0,1,4.0,8.0,5.0,6.0,28.0,0,0,0,0
hot drink,2.0,6.0,8.0,11.0,10.0,3.0,14,10.0,17.0,13.0,23.0,28.0,12,74,72,18
hot pepper,32.0,3.0,43.0,0.0,0.0,50.0,0,41.0,0.0,0.0,0.0,0.0,0,0,0,0
hummus,37.0,8.0,14.0,7.0,0.0,20.0,0,5.0,0.0,0.0,0.0,10.0,0,0,0,0
iced coffee,0.0,0.0,0.0,0.0,0.0,0.0,0,0.0,0.0,0.0,0.0,3.0,0,0,0,0
iced tea,0.0,0.0,0.0,0.0,0.0,0.0,0,0.0,0.0,0.0,0.0,0.0,0,0,0,0
jalapeño,33.0,1.0,34.0,2.0,0.0,34.0,0,4.0,0.0,0.0,0.0,0.0,35,0,0,0
jerusalem artichoke,0.0,6.0,4.0,19.0,4.0,0.0,0,1.0,1.0,1.0,16.0,4.0,0,0,1,0
jícama,0.0,0.0,0.0,0.0,0.0,0.0,0,0.0,0.0,0.0,0.0,0.0,0,0,0,0
kahlúa,0.0,0.0,0.0,0.0,0.0,0.0,0,0.0,0.0,0.0,0.0,0.0,0,0,0,0
kale,1.0,4.0,7.0,9.0,8.0,2.0,690,10.0,0.0,0.0,29.0,136.0,0,0,0,0
kirsch,0.0,12.0,0.0,0.0,0.0,0.0,0,0.0,0.0,0.0,2.0,0.0,0,0,0,0
kiwi,1.0,5.0,3.0,1.0,0.0,0.0,32,3.0,0.0,0.0,0.0,104.0,0,0,0,0
kumquat,1.0,6.0,4.0,5.0,5.0,0.0,0,5.0,2.0,0.0,11.0,49.0,0,0,1,2
lamb,26.0,0.0,34.0,8.0,0.0,3.0,0,0.0,0.0,0.0,0.0,0.0,0,0,0,0
lamb chop,21.0,0.0,55.0,10.0,6.0,17.0,4,2.0,34.0,54.0,15.0,0.0,0,103,1,0
lamb shank,15.0,0.0,40.0,7.0,5.0,3.0,0,1.0,35.0,12.0,9.0,0.0,5,84,2,1
leafy green,9.0,2.0,16.0,5.0,3.0,14.0,9,1.0,13.0,14.0,5.0,1.0,0,17,6,1
leek,4.0,5.0,3.0,12.0,7.0,7.0,43,5.0,1.0,2.0,14.0,12.0,0,0,9,10
legume,1.0,22.0,50.0,45.0,0.0,6.0,0,5.0,0.0,0.0,0.0,5.0,0,0,0,0
lemon,1.0,2.0,0.0,0.0,0.0,35.0,0,0.0,0.0,0.0,0.0,4.0,0,0,0,0
lemon juice,0.0,0.0,0.0,0.0,0.0,0.0,0,0.0,0.0,0.0,0.0,0.0,0,0,0,0
lemongrass,1.0,3.0,3.0,0.0,0.0,6.0,0,2.0,0.0,0.0,0.0,0.0,0,0,0,0
lentil,7.0,4.0,7.0,8.0,5.0,17.0,7,2.0,5.0,3.0,17.0,9.0,0,0,9,4
lettuce,0.0,1.0,2.0,1.0,3.0,1.0,62,2.0,2.0,1.0,4.0,9.0,0,0,1,34
lima bean,9.0,7.0,14.0,12.0,10.0,9.0,7,1.0,8.0,8.0,24.0,0.0,0,0,9,0
lime,19.0,14.0,18.0,7.0,5.0,3.0,1,3.0,11.0,36.0,13.0,6.0,8,21,6,12
lime juice,0.0,2.0,0.0,0.0,0.0,0.0,0,0.0,0.0,0.0,0.0,37.0,0,0,0,0
lingonberry,0.0,16.0,0.0,0.0,0.0,0.0,0,0.0,0.0,0.0,0.0,0.0,0,0,0,0
liqueur,0.0,12.0,0.0,0.0,0.0,0.0,0,0.0,0.0,0.0,2.0,0.0,0,0,0,0
lobster,1.0,0.0,42.0,2.0,11.0,23.0,0,8.0,41.0,146.0,190.0,0.0,0,56,7,0
lychee,1.0,6.0,2.0,2.0,2.0,0.0,0,0.0,1.0,1.0,16.0,79.0,0,0,0,0
macadamia nut,97.0,5.0,16.0,20.0,31.0,0.0,0,7.0,12.0,7.0,84.0,1.0,0,0,4,0
mango,0.0,31.0,5.0,0.0,0.0,0.0,0,3.0,0.0,0.0,0.0,0.0,0,0,0,0
maple syrup,0.0,32.0,0.0,0.0,0.0,0.0,0,8.0,0.0,0.0,0.0,0.0,0,0,0,0
margarita,0.0,6.0,0.0,0.0,0.0,9.0,0,0.0,1.0,1.0,1.0,2.0,0,0,0,0
marsala,73.0,0.0,0.0,0.0,0.0,77.0,0,0.0,0.0,0.0,0.0,0.0,0,0,0,0
marscarpone,0.0,0.0,0.0,0.0,0.0,0.0,0,0.0,0.0,0.0,0.0,0.0,0,0,0,0
marshmallow,0.0,28.0,6.0,0.0,0.0,0.0,0,0.0,0.0,0.0,0.0,0.0,0,0,0,0
martini,0.0,0.0,0.0,0.0,0.0,0.0,0,0.0,0.0,0.0,2.0,0.0,0,0,0,0
mayonnaise,100.0,0.0,0.0,0.0,0.0,27.0,0,0.0,0.0,0.0,0.0,0.0,0,0,0,0
melon,0.0,3.0,1.0,1.0,3.0,1.0,2,1.0,2.0,2.0,6.0,14.0,0,0,0,10
mezcal,0.0,5.0,7.0,0.0,0.0,26.0,0,0.0,0.0,0.0,0.0,33.0,0,0,0,0
midori,0.0,0.0,0.0,0.0,0.0,0.0,0,0.0,0.0,0.0,0.0,0.0,0,0,0,0
mint,0.0,38.0,0.0,0.0,0.0,0.0,0,0.0,0.0,0.0,0.0,0.0,0,0,0,0
molasses,0.0,27.0,0.0,26.0,58.0,2.0,0,16.0,3.0,32.0,54.0,0.0,0,0,0,0
monterey jack,38.0,0.0,47.0,0.0,0.0,27.0,0,51.0,0.0,0.0,0.0,0.0,0,0,0,0
mortar and pestle,11.0,0.0,7.0,18.0,0.0,11.0,0,4.0,0.0,0.0,0.0,0.0,0,0,0,0
mozzarella,32.0,1.0,43.0,0.0,0.0,8.0,0,41.0,0.0,0.0,0.0,0.0,0,0,0,0
mushroom,8.0,2.0,2.0,5.0,0.0,16.0,0,2.0,0.0,0.0,0.0,0.0,0,0,0,0
mussel,4.0,2.0,30.0,28.0,10.0,16.0,0,3.0,18.0,103.0,13.0,9.0,0,538,5,6
mustard,4.0,2.0,8.0,9.0,11.0,48.0,1,5.0,6.0,62.0,8.0,0.0,0,0,2,0
mustard greens,0.0,2.0,7.0,7.0,0.0,1.0,0,8.0,0.0,0.0,0.0,52.0,0,0,0,0
nectarine,0.0,3.0,2.0,2.0,2.0,1.0,2,0.0,2.0,0.0,9.0,3.0,0,0,4,2
noodle,7.0,7.0,6.0,0.0,0.0,0.0,0,0.0,0.0,0.0,0.0,0.0,0,0,0,0
nut,50.0,13.0,35.0,33.0,60.0,0.0,0,3.0,46.0,38.0,247.0,0.0,0,0,0,0
nutmeg,128.0,0.0,0.0,0.0,0.0,0.0,0,0.0,0.0,0.0,0.0,0.0,0,0,1,0
oat,3.0,2.0,1.0,1.0,2.0,2.0,1,12.0,2.0,3.0,3.0,0.0,8,42,2,0
oatmeal,9.0,24.0,0.0,133.0,0.0,0.0,0,26.0,0.0,0.0,0.0,74.0,0,0,0,0
octopus,17.0,5.0,26.0,27.0,7.0,23.0,10,4.0,13.0,68.0,40.0,3.0,0,540,21,4
okra,0.0,3.0,6.0,3.0,0.0,0.0,0,6.0,0.0,0.0,0.0,13.0,0,0,0,0
olive,39.0,2.0,1.0,19.0,1.0,36.0,5,5.0,1.0,1.0,18.0,0.0,0,0,41,2
onion,1.0,22.0,22.0,20.0,0.0,19.0,0,1.0,0.0,0.0,0.0,0.0,0,0,0,0
orange,0.0,33.0,10.0,0.0,0.0,17.0,0,0.0,0.0,0.0,0.0,0.0,0,0,0,0
oregano,0.0,0.0,0.0,0.0,0.0,0.0,0,0.0,0.0,0.0,0.0,0.0,0,0,0,0
orzo,2.0,29.0,25.0,18.0,0.0,0.0,0,0.0,0.0,0.0,0.0,0.0,0,0,0,0
oyster,14.0,7.0,10.0,13.0,4.0,22.0,27,7.0,91.0,23.0,80.0,2.0,2,81,9,11
papaya,0.0,24.0,5.0,0.0,0.0,1.0,0,12.0,0.0,0.0,0.0,7.0,0,0,0,20
paprika,0.0,0.0,0.0,0.0,0.0,0.0,0,0.0,0.0,0.0,0.0,0.0,0,0,0,0
parmesan,36.0,5.0,57.0,3.0,8.0,78.0,7,66.0,38.0,63.0,4.0,0.0,110,58,4,29
parsley,0.0,0.0,0.0,0.0,0.0,0.0,0,0.0,0.0,0.0,0.0,0.0,0,0,0,0
parsnip,4.0,6.0,3.0,3.0,7.0,6.0,3,3.0,2.0,3.0,15.0,14.0,0,0,9,1
passion fruit,0.0,2.0,2.0,7.0,0.0,0.0,0,0.0,0.0,0.0,0.0,37.0,0,0,0,0
pea,18.0,23.0,28.0,21.0,24.0,13.0,42,9.0,30.0,13.0,49.0,0.0,0,0,15,9
peach,28.0,19.0,9.0,9.0,0.0,15.0,0,2.0,0.0,0.0,0.0,6.0,0,0,0,0
peanut,35.0,22.0,18.0,6.0,0.0,2.0,0,5.0,0.0,0.0,0.0,4.0,0,0,0,0
peanut butter,66.0,8.0,44.0,10.0,40.0,19.0,0,4.0,23.0,7.0,47.0,0.0,0,0,61,0
pear,0.0,6.0,1.0,1.0,2.0,0.0,4,1.0,1.0,0.0,9.0,5.0,0,0,1,0
pecan,92.0,5.0,18.0,14.0,29.0,0.0,3,5.0,41.0,7.0,133.0,1.0,0,0,9,0
pepper,0.0,24.0,0.0,161.0,0.0,0.0,0,34.0,0.0,0.0,0.0,23.0,0,0,0,0
pernod,27.0,6.0,15.0,18.0,0.0,19.0,0,16.0,0.0,0.0,0.0,0.0,0,0,0,0
persimmon,1.0,35.0,3.0,2.0,6.0,0.0,6,2.0,3.0,3.0,34.0,4.0,0,0,13,12
pine nut,88.0,5.0,27.0,31.0,60.0,0.0,45,1.0,59.0,1.0,147.0,1.0,0,0,62,0
pineapple,0.0,29.0,0.0,4.0,0.0,1.0,0,3.0,0.0,0.0,0.0,0.0,0,0,0,0
pistachio,60.0,10.0,40.0,27.0,48.0,17.0,0,10.0,0.0,0.0,148.0,4.0,0,0,0,0
plantain,38.0,23.0,5.0,5.0,17.0,9.0,24,1.0,3.0,1.0,22.0,36.0,0,0,34,8
plum,0.0,4.0,1.0,1.0,2.0,0.0,5,0.0,1.0,0.0,6.0,11.0,0,0,2,2
poach,13.0,0.0,25.0,9.0,3.0,6.0,0,4.0,11.0,57.0,0.0,0.0,12,34,7,20
poblano,0.0,2.0,3.0,1.0,3.0,0.0,0,1.0,1.0,0.0,7.0,142.0,0,0,0,0
pomegranate,0.0,4.0,0.0,0.0,0.0,1.0,0,1.0,0.0,0.0,0.0,7.0,0,0,0,0
pomegranate juice,0.0,4.0,0.0,0.0,0.0,0.0,0,3.0,0.0,0.0,0.0,11.0,220,0,0,0
poppy,43.0,9.0,2.0,1.0,2.0,41.0,42,5.0,2.0,2.0,4.0,0.0,0,4,16,6
pork,5.0,0.0,42.0,7.0,0.0,9.0,0,0.0,0.0,0.0,0.0,0.0,0,0,0,0
pork chop,12.0,3.0,37.0,4.0,5.0,18.0,3,1.0,12.0,74.0,8.0,0.0,2,17,3,3
pork rib,19.0,4.0,32.0,5.0,4.0,29.0,0,3.0,20.0,41.0,11.0,0.0,4,21,3,1
pork tenderloin,3.0,1.0,36.0,0.0,0.0,13.0,0,0.0,0.0,0.0,0.0,1.0,0,0,0,0
port,36.0,0.0,48.0,2.0,6.0,23.0,2,50.0,24.0,26.0,2.0,0.0,110,62,2,35
potato,15.0,5.0,8.0,4.0,3.0,10.0,7,3.0,4.0,11.0,2.0,1.0,2,12,10,7
prosciutto,27.0,0.0,50.0,7.0,0.0,100.0,0,0.0,0.0,0.0,0.0,0.0,0,0,0,0
prune,0.0,24.0,4.0,16.0,0.0,1.0,0,2.0,0.0,0.0,0.0,5.0,0,0,0,11
pumpkin,0.0,3.0,2.0,9.0,0.0,0.0,0,2.0,0.0,0.0,0.0,0.0,0,0,0,0
quail,18.0,0.0,50.0,24.0,5.0,9.0,4,1.0,28.0,39.0,66.0,3.0,1,15,5,8
quince,0.0,6.0,1.0,4.0,2.0,0.0,0,1.0,0.0,1.0,14.0,17.0,0,0,0,0
quinoa,9.0,23.0,29.0,21.0,0.0,0.0,0,0.0,0.0,0.0,0.0,0.0,0,0,0,0
rabbit,11.0,0.0,60.0,13.0,5.0,15.0,1,2.0,21.0,69.0,19.0,0.0,0,269,3,0
rack of lamb,13.0,0.0,40.0,8.0,5.0,3.0,0,1.0,20.0,5.0,11.0,0.0,21,43,2,1
radicchio,0.0,1.0,4.0,2.0,3.0,2.0,142,2.0,8.0,0.0,84.0,7.0,0,0,0,0
radish,0.0,1.0,1.0,2.0,2.0,2.0,1,2.0,3.0,1.0,6.0,16.0,0,0,0,0
raisin,5.0,19.0,20.0,17.0,0.0,15.0,0,3.0,0.0,0.0,0.0,7.0,0,0,0,0
raspberry,0.0,24.0,0.0,0.0,0.0,0.0,0,0.0,0.0,0.0,0.0,0.0,0,0,0,0
red wine,0.0,1.0,0.0,3.0,3.0,0.0,0,1.0,1.0,0.0,1.0,0.0,0,0,0,0
rhubarb,0.0,6.0,2.0,1.0,3.0,0.0,22,6.0,1.0,2.0,2.0,6.0,0,0,2,0
rice,3.0,10.0,7.0,10.0,0.0,20.0,0,2.0,0.0,0.0,0.0,3.0,0,0,0,0
ricotta,12.0,2.0,19.0,2.0,4.0,4.0,0,19.0,9.0,20.0,2.0,0.0,1,23,1,13
root vegetable,0.0,6.0,3.0,4.0,9.0,0.0,1,3.0,3.0,1.0,9.0,3.0,0,0,3,0
rosemary,0.0,0.0,0.0,0.0,0.0,0.0,0,0.0,0.0,0.0,0.0,0.0,0,0,0,0
rosé,0.0,0.0,0.0,0.0,0.0,0.0,0,0.0,0.0,0.0,0.0,0.0,0,0,0,0
rum,0.0,0.0,0.0,0.0,0.0,0.0,0,0.0,0.0,0.0,2.0,0.0,0,0,0,0
rutabaga,0.0,3.0,2.0,2.0,0.0,0.0,0,3.0,0.0,0.0,0.0,27.0,0,0,0,0
rye,3.0,18.0,14.0,16.0,0.0,28.0,0,5.0,0.0,0.0,0.0,0.0,0,0,0,0
saffron,0.0,0.0,0.0,0.0,0.0,0.0,0,0.0,0.0,0.0,0.0,0.0,0,0,0,0
sage,0.0,0.0,0.0,0.0,0.0,0.0,0,0.0,0.0,0.0,0.0,0.0,0,0,0,0
sake,0.0,2.0,1.0,1.0,1.0,0.0,0,0.0,0.0,3.0,1.0,0.0,0,0,0,0
salmon,10.0,1.0,30.0,3.0,0.0,14.0,0,1.0,0.0,0.0,0.0,1.0,0,0,0,0
sangria,0.0,36.0,0.0,0.0,0.0,10.0,0,0.0,0.0,0.0,0.0,4.0,0,0,0,0
sardine,10.0,8.0,36.0,17.0,8.0,16.0,1,24.0,10.0,72.0,18.0,0.0,14,207,8,2
scallop,16.0,5.0,22.0,7.0,5.0,20.0,10,1.0,8.0,23.0,5.0,0.0,0,39,15,0
seed,3.0,12.0,11.0,3.0,12.0,1.0,0,5.0,8.0,0.0,119.0,7.0,0,0,0,1
semolina,3.0,28.0,22.0,19.0,0.0,1.0,0,0.0,0.0,0.0,0.0,0.0,0,0,0,0
sesame,58.0,3.0,6.0,3.0,0.0,43.0,47,1.0,1.0,3.0,0.0,0.0,0,0,33,0
sesame oil,128.0,0.0,0.0,0.0,0.0,0.0,11,0.0,0.0,0.0,0.0,0.0,0,0,9,0
shallot,0.0,6.0,5.0,7.0,5.0,1.0,1,3.0,4.0,2.0,10.0,9.0,0,0,0,0
sherry,0.0,0.0,0.0,0.0,0.0,0.0,0,0.0,0.0,0.0,0.0,0.0,0,0,0,0
shrimp,0.0,0.0,24.0,2.0,0.0,21.0,0,5.0,0.0,0.0,0.0,0.0,0,0,0,0
snapper,2.0,0.0,41.0,0.0,0.0,3.0,0,2.0,0.0,0.0,0.0,0.0,2000,0,0,0
sour cream,21.0,2.0,7.0,0.0,0.0,2.0,0,10.0,0.0,0.0,0.0,0.0,0,0,0,0
sourdough,4.0,26.0,21.0,6.0,0.0,35.0,0,2.0,0.0,0.0,0.0,6.0,0,0,0,0
soy,9.0,19.0,53.0,29.0,40.0,37.0,10,13.0,14.0,22.0,273.0,0.0,0,0,7,0
soy sauce,1.0,2.0,16.0,8.0,18.0,239.0,0,3.0,8.0,1.0,5.0,0.0,0,0,0,0
sparkling wine,0.0,1.0,0.0,2.0,2.0,0.0,0,1.0,1.0,0.0,1.0,0.0,0,0,0,0
spice,16.0,25.0,12.0,109.0,32.0,2.0,24,52.0,22.0,17.0,54.0,26.0,0,0,13,1
spinach,0.0,1.0,7.0,18.0,0.0,4.0,0,7.0,0.0,0.0,0.0,31.0,0,0,0,0
squash,4.0,2.0,1.0,2.0,3.0,6.0,2,2.0,2.0,1.0,4.0,4.0,0,0,3,2
squid,21.0,1.0,29.0,7.0,0.0,28.0,0,6.0,0.0,0.0,0.0,0.0,0,0,0,0
strawberry,0.0,24.0,0.0,0.0,0.0,1.0,0,0.0,0.0,0.0,0.0,0.0,0,0,0,0
sugar snap pea,0.0,3.0,5.0,4.0,0.0,0.0,0,3.0,0.0,0.0,0.0,0.0,0,0,0,0
swiss cheese,33.0,2.0,52.0,0.0,0.0,9.0,0,67.0,0.0,0.0,0.0,0.0,0,0,0,0
swordfish,15.0,3.0,44.0,5.0,8.0,15.0,3,1.0,7.0,113.0,7.0,0.0,73,68,19,6
tamarind,1.0,23.0,6.0,16.0,22.0,1.0,2,6.0,1.0,2.0,10.0,4.0,0,0,1,0
tangerine,0.0,5.0,0.0,0.0,0.0,1.0,0,0.0,0.0,0.0,0.0,0.0,0,0,0,0
tapioca,0.0,30.0,0.0,0.0,0.0,0.0,0,0.0,0.0,0.0,0.0,0.0,0,0,0,0
tarragon,0.0,0.0,0.0,0.0,0.0,0.0,0,0.0,0.0,0.0,0.0,0.0,0,0,0,0
tea,0.0,3.0,0.0,0.0,0.0,0.0,0,0.0,0.0,0.0,0.0,0.0,0,0,0,0
tequila,0.0,0.0,0.0,0.0,0.0,0.0,0,0.0,0.0,0.0,2.0,0.0,0,0,0,0
thyme,0.0,0.0,0.0,0.0,0.0,0.0,0,0.0,0.0,0.0,0.0,0.0,0,0,0,0
tilapia,5.0,1.0,38.0,4.0,0.0,19.0,0,1.0,0.0,0.0,0.0,1.0,0,0,0,0
tomatillo,1.0,2.0,2.0,3.0,5.0,0.0,8,1.0,2.0,1.0,9.0,13.0,0,0,3,1
tomato,0.0,0.0,0.0,0.0,0.0,0.0,0,0.0,0.0,0.0,0.0,0.0,0,0,0,0
tortillas,2.0,14.0,7.0,7.0,0.0,0.0,0,11.0,0.0,0.0,0.0,0.0,0,0,0,0
tree nut,0.0,4.0,1.0,1.0,1.0,10.0,0,1.0,3.0,2.0,22.0,33.0,0,0,0,1
tree nut free,0.0,4.0,1.0,1.0,1.0,10.0,0,1.0,3.0,2.0,22.0,33.0,0,0,0,1
triple sec,0.0,23.0,0.0,0.0,0.0,0.0,0,0.0,0.0,0.0,0.0,0.0,0,0,0,0
tropical fruit,0.0,5.0,1.0,1.0,0.0,0.0,0,0.0,0.0,0.0,0.0,43.0,0,0,0,7
trout,22.0,4.0,34.0,6.0,6.0,17.0,10,3.0,4.0,38.0,7.0,2.0,60,124,27,6
tuna,5.0,4.0,11.0,4.0,0.0,19.0,0,3.0,0.0,0.0,0.0,6.0,0,0,0,0
turnip,0.0,1.0,5.0,9.0,4.0,1.0,0,9.0,1.0,2.0,6.0,29.0,0,0,0,34
vanilla,21.0,8.0,7.0,2.0,3.0,3.0,1,9.0,4.0,6.0,1.0,0.0,2,16,3,20
veal,11.0,2.0,36.0,6.0,6.0,6.0,14,1.0,11.0,33.0,14.0,2.0,2,67,4,5
venison,32.0,0.0,40.0,14.0,5.0,36.0,1,1.0,34.0,19.0,11.0,0.0,2,73,3,1
vermouth,14.0,0.0,0.0,0.0,0.0,73.0,0,0.0,0.0,0.0,0.0,0.0,0,0,0,0
vinegar,0.0,0.0,0.0,1.0,1.0,0.0,0,1.0,0.0,0.0,1.0,0.0,0,0,0,0
vodka,0.0,0.0,0.0,0.0,0.0,0.0,0,0.0,0.0,0.0,2.0,0.0,0,0,0,0
walnut,49.0,14.0,21.0,21.0,0.0,2.0,0,16.0,0.0,0.0,0.0,0.0,0,0,0,0
wasabi,14.0,17.0,4.0,3.0,5.0,147.0,3,3.0,6.0,4.0,6.0,0.0,0,0,26,0
watercress,4.0,0.0,5.0,1.0,5.0,8.0,219,10.0,1.0,2.0,9.0,35.0,0,0,10,19
watermelon,0.0,3.0,2.0,0.0,0.0,0.0,0,0.0,0.0,0.0,0.0,0.0,0,0,0,0
white wine,0.0,1.0,0.0,2.0,2.0,0.0,0,1.0,1.0,0.0,0.0,0.0,0,0,0,0
wild rice,1.0,28.0,27.0,9.0,0.0,0.0,0,0.0,30.0,0.0,0.0,0.0,0,0,0,0
windsor,0.0,0.0,0.0,0.0,0.0,0.0,0,0.0,0.0,0.0,0.0,0.0,0,0,0,0
yellow squash,0.0,1.0,2.0,2.0,0.0,0.0,0,2.0,0.0,0.0,0.0,20.0,0,0,0,0
yogurt,5.0,2.0,7.0,0.0,3.0,2.0,0,10.0,6.0,0.0,0.0,0.0,0,15,0,0
yuca,0.0,11.0,2.0,7.0,0.0,0.0,0,1.0,0.0,0.0,0.0,0.0,0,0,0,0
zucchini,0.0,2.0,2.0,2.0,0.0,0.0,0,2.0,0.0,0.0,0.0,14.0,0,0,0,0
milk,3,2,7,0,0,2,0,10,0,0,0,1,210,0,0,0
butterscotch/caramel,0,21,2,0,1,15,0,4,0,2,0,1,0,8,0,2
milk/cream,7,4,4,3,2,22,0,6,2,3,1,0,0,10,3,0
green/onion/scallion,0,0,1,6,4,0,0,5,2,0,4,0,0,0,0,0
phyllo/puff/pastry dough,8,19,14,18,4,21,2,1,4,42,11,0,0,0,1,0
sweet/potato/yam,0,8,1,5,,1,0,1,0,0,0,12,0,0,0,0
cognac/armagnac,59,16,7,40,0,4,0,5,0,0,0,0,0,0,0,0